Workbook

Sheet Suscriptores
A1: CASE — Base de Suscriptores
A2: Completar una fila por cada alta. Las filas 4-6 son EJEMPLOS de formato, se pueden borrar.
A3: ID | B3: Nombre | C3: Apellido | D3: Email | E3: DNI | F3: Fecha de alta | G3: Canal de alta | H3: Segmento | I3: Acepta comunicaciones | J3: Ultimo canje cupon miercoles | K3: Estado
A4: 1 | B4: Lucia | C4: Gimenez | D4: lucia.gimenez@gmail.com | E4: 34112233 | F4: 2026-09-01 | G4: Web | H4: Vegano | I4: Si | J4: 2026-09-03 | K4: Activo
A5: 2 | B5: Martin | C5: Roldan | D5: martin.roldan@gmail.com | E5: 29887766 | F5: 2026-09-02 | G5: Local | H5: Deportista | I5: Si | K5: Activo
A6: 3 | B6: Sofia | C6: Alvarez | D6: sofia.alvarez@hotmail.com | E6: 40556677 | F6: 2026-09-05 | G6: Web | H6: General | I6: No | K6: Activo
A7: =IF(D7="","",MAX($A$4:$A6)+1)
A8: =IF(D8="","",MAX($A$4:$A7)+1)
A9: =IF(D9="","",MAX($A$4:$A8)+1)
A10: =IF(D10="","",MAX($A$4:$A9)+1)
A11: =IF(D11="","",MAX($A$4:$A10)+1)
A12: =IF(D12="","",MAX($A$4:$A11)+1)
A13: =IF(D13="","",MAX($A$4:$A12)+1)
A14: =IF(D14="","",MAX($A$4:$A13)+1)
A15: =IF(D15="","",MAX($A$4:$A14)+1)
A16: =IF(D16="","",MAX($A$4:$A15)+1)
A17: =IF(D17="","",MAX($A$4:$A16)+1)
A18: =IF(D18="","",MAX($A$4:$A17)+1)
... A200: =IF(D200="","",MAX($A$4:$A199)+1)
A203: Referencia:
A204: - Completar columnas B a K por cada nuevo suscriptor (email y DNI son obligatorios segun formulario del sitio).
A205: - La columna ID se autocompleta al cargar el Email.
A206: - Registrar en 'Ultimo canje cupon miercoles' la fecha cada vez que el suscriptor use el cupon del 5%.

Sheet Resumen
A1: CASE — Resumen de Suscriptores
A2: Se actualiza solo a partir de la hoja 'Suscriptores'.
A4: Indicador | B4: Valor
A5: Total de suscriptores | B5: =COUNTIF(Suscriptores!D4:D200,"?*") -> 3
A6: Suscriptores activos | B6: =COUNTIFS(Suscriptores!K4:K200,"Activo") -> 3
A7: Suscriptores dados de baja | B7: =COUNTIFS(Suscriptores!K4:K200,"Baja") -> 0
A8: Aceptan comunicaciones (Si) | B8: =COUNTIFS(Suscriptores!I4:I200,"Si") -> 2
A9: Canjes de cupon miercoles registrados | B9: =COUNTIF(Suscriptores!J4:J200,"?*") -> 1
A11: Suscriptores por segmento
A12: Vegano | B12: =COUNTIFS(Suscriptores!H4:H200,"Vegano") -> 1
A13: Keto | B13: =COUNTIFS(Suscriptores!H4:H200,"Keto") -> 0
A14: Deportista | B14: =COUNTIFS(Suscriptores!H4:H200,"Deportista") -> 1
A15: General | B15: =COUNTIFS(Suscriptores!H4:H200,"General") -> 1
A16: Diabetico | B16: =COUNTIFS(Suscriptores!H4:H200,"Diabetico") -> 0
A17: Celiaco | B17: =COUNTIFS(Suscriptores!H4:H200,"Celiaco") -> 0
A18: Otro | B18: =COUNTIFS(Suscriptores!H4:H200,"Otro") -> 0
